{
  "IcoMoonType": "selection",
  "icons": [
    {
      "icon": {
        "paths": [
          "M1024 590.444l-512-397.426-512 397.428v-162.038l512-397.426 512 397.428zM896 576v384h-256v-256h-256v256h-256v-384l384-288z"
        ],
        "tags": [
          "home",
          "house"
        ],
        "defaultCode": 59648,
        "grid": 16,
        "attrs": []
      },
      "attrs": [],
      "properties": {
        "ligatures": "home, house",
        "name": "home",
        "order": 3,
        "id": 1,
        "prevSize": 32,
        "code": 59648
      },
      "setIdx": 0,
      "setId": 1,
      "iconIdx": 0
    },
    {
      "icon": {
        "paths": [
          "M864 0h-768c-52.8 0-96 43.2-96 96v832c0 52.8 43.2 96 96 96h768c52.8 0 96-43.2 96-96v-832c0-52.8-43.2-96-96-96zM832 896h-704v-768h704v768zM256 576h448v64h-448zM256 704h448v64h-448zM320 288c0-53.019 42.981-96 96-96s96 42.981 96 96c0 53.019-42.981 96-96 96s-96-42.981-96-96zM480 384h-128c-52.8 0-96 28.8-96 64v64h320v-64c0-35.2-43.2-64-96-64z"
        ],
        "tags": [
          "profile",
          "file",
          "document",
          "page",
          "user",
          "paper"
        ],
        "defaultCode": 59683,
        "grid": 16,
        "attrs": []
      },
      "attrs": [],
      "properties": {
        "ligatures": "profile, file2",
        "name": "profile",
        "order": 4,
        "id": 36,
        "prevSize": 32,
        "code": 59683
      },
      "setIdx": 0,
      "setId": 1,
      "iconIdx": 35
    },
    {
      "icon": {
        "paths": [
          "M576 706.612v-52.78c70.498-39.728 128-138.772 128-237.832 0-159.058 0-288-192-288s-192 128.942-192 288c0 99.060 57.502 198.104 128 237.832v52.78c-217.102 17.748-384 124.42-384 253.388h896c0-128.968-166.898-235.64-384-253.388z"
        ],
        "tags": [
          "user",
          "profile",
          "avatar",
          "person",
          "member"
        ],
        "defaultCode": 59761,
        "grid": 16,
        "attrs": []
      },
      "attrs": [],
      "properties": {
        "ligatures": "user, profile2",
        "name": "user",
        "order": 5,
        "id": 114,
        "prevSize": 32,
        "code": 59761
      },
      "setIdx": 0,
      "setId": 1,
      "iconIdx": 113
    },
    {
      "icon": {
        "paths": [
          "M704 0c-176.73 0-320 143.268-320 320 0 20.026 1.858 39.616 5.376 58.624l-389.376 389.376v192c0 35.346 28.654 64 64 64h64v-64h128v-128h128v-128h128l83.042-83.042c34.010 12.316 70.696 19.042 108.958 19.042 176.73 0 320-143.268 320-320s-143.27-320-320-320zM799.874 320.126c-53.020 0-96-42.98-96-96s42.98-96 96-96 96 42.98 96 96-42.98 96-96 96z"
        ],
        "tags": [
          "key",
          "password",
          "login",
          "signin"
        ],
        "defaultCode": 59789,
        "grid": 16,
        "attrs": []
      },
      "attrs": [],
      "properties": {
        "ligatures": "key, password",
        "name": "key",
        "order": 6,
        "id": 142,
        "prevSize": 32,
        "code": 59789
      },
      "setIdx": 0,
      "setId": 1,
      "iconIdx": 141
    },
    {
      "icon": {
        "paths": [
          "M933.79 610.25c-53.726-93.054-21.416-212.304 72.152-266.488l-100.626-174.292c-28.75 16.854-62.176 26.518-97.846 26.518-107.536 0-194.708-87.746-194.708-195.99h-201.258c0.266 33.41-8.074 67.282-25.958 98.252-53.724 93.056-173.156 124.702-266.862 70.758l-100.624 174.292c28.97 16.472 54.050 40.588 71.886 71.478 53.638 92.908 21.512 211.92-71.708 266.224l100.626 174.292c28.65-16.696 61.916-26.254 97.4-26.254 107.196 0 194.144 87.192 194.7 194.958h201.254c-0.086-33.074 8.272-66.57 25.966-97.218 53.636-92.906 172.776-124.594 266.414-71.012l100.626-174.29c-28.78-16.466-53.692-40.498-71.434-71.228zM512 719.332c-114.508 0-207.336-92.824-207.336-207.334 0-114.508 92.826-207.334 207.336-207.334 114.508 0 207.332 92.826 207.332 207.334-0.002 114.51-92.824 207.334-207.332 207.334z"
        ],
        "tags": [
          "cog",
          "gear",
          "preferences",
          "settings",
          "generate",
          "control",
          "options"
        ],
        "defaultCode": 59796,
        "grid": 16,
        "attrs": []
      },
      "attrs": [],
      "properties": {
        "ligatures": "cog, gear",
        "name": "cog",
        "order": 7,
        "id": 149,
        "prevSize": 32,
        "code": 59796
      },
      "setIdx": 0,
      "setId": 1,
      "iconIdx": 148
    }
  ],
  "height": 1024,
  "metadata": {
    "name": "icomoon"
  },
  "preferences": {
    "showGlyphs": true,
    "showQuickUse": true,
    "showQuickUse2": true,
    "showSVGs": true,
    "fontPref": {
      "prefix": "icon-",
      "metadata": {
        "fontFamily": "icomoon"
      },
      "metrics": {
        "emSize": 1024,
        "baseline": 6.25,
        "whitespace": 50
      },
      "embed": false,
      "autoHost": true
    },
    "imagePref": {
      "prefix": "icon-",
      "png": true,
      "useClassSelector": true,
      "color": 0,
      "bgColor": 16777215,
      "classSelector": ".icon"
    },
    "historySize": 50,
    "showCodes": true,
    "gridSize": 16,
    "quickUsageToken": {
      "UntitledProject": "MTA2ZTQ2ZjdkY2Q3OGU4NTkzNGUwNjYwYTA1MmUyNjEjMSMxNTIyODM2MzU2IyMj"
    }
  }
}